0,-4500
0.01,-4500
0.02,-4500
0.03,-4500
0.04,-4500
0.05,-4500
0.06,-4500
0.07,-4500
0.08,-4500
0.09,-4500
0.1,-4500
0.11,-4500
0.12,-4500
0.13,-4500
0.14,-4500
0.15,-4500
0.16,-4500
0.17,-4500
0.18,-4500
0.19,-4500
0.2,-4500
0.21,-4500
0.22,0
0.23,0
0.24,0
0.25,0
0.26,0
0.27,0
0.28,0
0.29,0
0.3,0
0.31,0
0.32,0
0.33,0
0.34,0
0.35,0
0.36,0
0.37,0
0.38,0
0.39,0
0.4,0
0.41,0
0.42,0
0.43,0
0.44,0
0.45,0
0.46,0
0.47,0
0.48,0
0.49,0
0.5,0
0.51,0
0.52,0
0.53,0
0.54,0
0.55,0
0.56,0
0.57,0
0.58,0
0.59,0
0.6,0
0.61,0
0.62,0
0.63,0
0.64,0
0.65,0
0.66,0
0.67,0
0.68,0
0.69,0
0.7,0
0.71,0
0.72,0
0.73,0
0.74,0
0.75,0
0.76,0
0.77,0
0.78,0
0.79,0
0.8,0
0.81,0
0.82,0
0.83,0
0.84,0
0.85,0
0.86,0
0.87,0
0.88,0
0.89,0
0.9,0
0.91,0
0.92,0
0.93,0
0.94,0
0.95,0
0.96,0
0.97,0
0.98,0
0.99,0
1,0
1.01,0
1.02,0
1.03,0
1.04,0
1.05,0
1.06,0
1.07,0
1.08,0
1.09,0
1.1,0
1.11,0
1.12,0
1.13,0
1.14,0
1.15,0
1.16,0
1.17,0
1.18,0
1.19,0
1.2,0
1.21,0
1.22,0
1.23,0
1.24,0
1.25,0
1.26,0
1.27,0
1.28,0
1.29,0
1.3,0
1.31,0
1.32,0
1.33,0
1.34,0
1.35,0
1.36,0
1.37,0
1.38,0
1.39,0
1.4,0
1.41,0
1.42,0
1.43,0
1.44,0
1.45,0
1.46,0
1.47,0
1.48,0
1.49,0
1.5,0
1.51,0
1.52,0
1.53,0
1.54,0
1.55,0
1.56,0
1.57,0
1.58,0
1.59,0
1.6,0
1.61,0
1.62,0
1.63,0
1.64,0
1.65,0
1.66,0
1.67,0
1.68,0
1.69,0
1.7,0
1.71,0
1.72,0
1.73,0
1.74,0
1.75,0
1.76,0
1.77,0
1.78,0
1.79,0
1.8,0
1.81,0
1.82,0
1.83,0
1.84,0
1.85,0
1.86,0
1.87,0
1.88,0
1.89,0
1.9,0
1.91,0
1.92,0
1.93,0
1.94,0
1.95,0
1.96,0
1.97,0
1.98,0
1.99,0
2,0
2.01,0
2.02,0
2.03,0
2.04,0
2.05,0
2.06,0
2.07,0
2.08,0
2.09,0
2.1,0
2.11,0
2.12,0
2.13,0
2.14,0
2.15,0
2.16,0
2.17,0
2.18,0
2.19,0
2.2,0
2.21,0
2.22,0
2.23,0
2.24,0
2.25,0
2.26,0
2.27,0
2.28,0
2.29,-4500
2.3,-4500
2.31,-4500
2.32,-4500
2.33,-4500
2.34,-4500
2.35,-4500
2.36,-4500
2.37,-4500
2.38,-4500
2.39,-4500
2.4,-4500
2.41,-4500
2.42,-4500
2.43,-4500
2.44,-4500
2.45,-4500
2.46,-4500
2.47,-4500
2.48,-4500
2.49,-4500
2.5,-4500
2.51,-4500
2.52,-4500
2.53,-4500
2.54,-4500
2.55,-4500
2.56,-4500
2.57,-4500
2.58,-4500
2.59,-4500
2.6,-4500
2.61,-4500
2.62,-4500
2.63,-4500
2.64,-4500
2.65,-4500
2.66,-4500
2.67,-4500
2.68,-4500
2.69,-4500
2.7,-4500
2.71,-4500
2.72,-4500
2.73,-4500
2.74,-4500
2.75,-4500
2.76,-4500
2.77,-4500
2.78,-4500
2.79,-4500
2.8,-4500
2.81,-4500
2.82,-4500
2.83,-4500
2.84,-4500
2.85,-4500
2.86,-4500
2.87,-4500
2.88,-4500
2.89,-4500
2.9,-4500
2.91,-4500
2.92,-4500
2.93,-4500
2.94,-4500
2.95,-4500
2.96,-4500
2.97,-4500
2.98,-4500
2.99,-4500
3,-4500
3.01,-4500
3.02,-4500
3.03,-4500
3.04,-4500
3.05,-4500
3.06,-4500
3.07,-4500
3.08,-4500
3.09,-4500
3.1,-4500
3.11,-4500
3.12,-4500
3.13,-4500
3.14,-4500
3.15,-4500
3.16,-4500
3.17,-4500
3.18,-4500
3.19,-4500
3.2,-4500
3.21,-4500
3.22,-4500
3.23,-4500
3.24,-4500
3.25,-4500
3.26,-4500
3.27,-4500
3.28,-4500
3.29,-4500
3.3,-4500
3.31,-4500
3.32,-4500
3.33,-4500
3.34,-4500
3.35,-4500
3.36,-4500
3.37,-4500
3.38,-4500
3.39,-4500
3.4,-4500
3.41,-4500
3.42,-4500
3.43,-4500
3.44,-4500
3.45,-4500
3.46,-4500
3.47,-4500
3.48,-4500
3.49,-4500
3.5,-4500
3.51,-4500
3.52,-4500
3.53,-4500
3.54,-4500
3.55,-4500
3.56,-4500
3.57,-4500
3.58,-4500
3.59,-4500
3.6,-4500
3.61,-4500
3.62,-4500
3.63,-4500
3.64,-4500
3.65,-4500
3.66,-4500
3.67,-4500
3.68,-4500
3.69,-4500
3.7,-4500
3.71,-4500
3.72,-4500
3.73,-4500
3.74,-4500
3.75,-4500
3.76,-4500
3.77,-4500
3.78,-4500
3.79,-4500
3.8,-4500
3.81,-4500
3.82,-4500
3.83,-4500
3.84,-4500
3.85,-4500
3.86,-4500
3.87,-4500
3.88,-4500
3.89,-4500
3.9,-4500
3.91,-4500
3.92,-4500
3.93,-4500
3.94,-4500
3.95,-4500
3.96,-4500
3.97,-4500
3.98,-4500
3.99,-4500
4,-4500
4.01,-4500
4.02,-4500
4.03,-4500
4.04,-4500
4.05,-4500
4.06,-4500
4.07,-4500
4.08,-4500
4.09,-4500
4.1,-4500
4.11,-4500
4.12,-4500
4.13,-4500
4.14,-4500
4.15,-4500
4.16,-4500
4.17,-4500
4.18,-4500
4.19,-4500
4.2,-4500
4.21,-4500
4.22,-4500
4.23,-4500
4.24,-4500
4.25,-4500
4.26,-4500
4.27,-4500
4.28,-4500
4.29,-4500
4.3,-4500
4.31,-4500
4.32,-4500
4.33,-4500
4.34,-4500
4.35,-4500
4.36,-4500
4.37,-4500
4.38,-4500
4.39,-4500
4.4,-4500
4.41,-4500
4.42,-4500
4.43,-4500
4.44,-4500
4.45,-4500
4.46,-4500
4.47,-4500
4.48,-4500
4.49,-4500
4.5,-4500
4.51,-4500
4.52,-4500
4.53,-4500
4.54,-4500
4.55,-4500
4.56,-4500
4.57,-4500
4.58,-4500
4.59,-4500
4.6,-4500
4.61,-4500
4.62,-4500
4.63,-4500
4.64,-4500
4.65,-4500
4.66,-4500
4.67,-4500
4.68,-4500
4.69,-4500
4.7,-4500
4.71,-4500
4.72,-4500
4.73,-4500
4.74,-4500
4.75,-4500
4.76,-4500
4.77,-4500
4.78,-4500
4.79,-4500
4.8,-4500
4.81,-4500
4.82,-4500
4.83,-4500
4.84,-4500
4.85,-4500
4.86,-4500
4.87,-4500
4.88,-4500
4.89,-4500
4.9,-4500
4.91,-4500
4.92,-4500
4.93,-4500
4.94,-4500
4.95,-4500
4.96,-4500
4.97,-4500
4.98,-4500
4.99,-4500
5,-4500
5.01,-4500
5.02,-4500
5.03,-4500
5.04,-4500
5.05,-4500
5.06,-4500
5.07,-4500
5.08,-4500
5.09,-4500
5.1,-4500
5.11,-4500
5.12,-4500
5.13,-4500
5.14,-4500
5.15,-4500
5.16,-4500
5.17,-4500
5.18,-4500
5.19,-4500
5.2,-4500
5.21,-4500
5.22,0
5.23,0
5.24,0
5.25,0
5.26,0
5.27,0
5.28,0
5.29,0
5.3,0
5.31,0
5.32,0
5.33,0
5.34,0
5.35,0
5.36,0
5.37,0
5.38,0
5.39,0
5.4,0
5.41,0
5.42,0
5.43,0
5.44,0
5.45,0
5.46,0
5.47,0
5.48,0
5.49,0
5.5,0
5.51,0
5.52,0
5.53,0
5.54,0
5.55,0
5.56,0
5.57,0
5.58,0
5.59,0
5.6,0
5.61,0
5.62,0
5.63,0
5.64,0
5.65,0
5.66,0
5.67,0
5.68,0
5.69,0
5.7,0
5.71,0
5.72,0
5.73,0
5.74,0
5.75,0
5.76,0
5.77,0
5.78,0
5.79,0
5.8,0
5.81,0
5.82,0
5.83,0
5.84,0
5.85,0
5.86,0
5.87,0
5.88,0
5.89,0
5.9,0
5.91,0
5.92,0
5.93,0
5.94,0
5.95,0
5.96,0
5.97,0
5.98,0
5.99,0
6,0
6.01,0
6.02,0
6.03,0
6.04,0
6.05,0
6.06,0
6.07,0
6.08,0
6.09,0
6.1,0
6.11,0
6.12,0
6.13,0
6.14,0
6.15,0
6.16,0
6.17,0
6.18,0
6.19,0
6.2,0
6.21,0
6.22,0
6.23,0
6.24,0
6.25,0
6.26,0
6.27,0
6.28,0
6.29,0
6.3,0
6.31,0
6.32,0
6.33,0
6.34,0
6.35,0
6.36,0
6.37,0
6.38,0
6.39,0
6.4,0
6.41,0
6.42,0
6.43,0
6.44,0
6.45,0
6.46,0
6.47,0
6.48,0
6.49,0
6.5,0
6.51,0
6.52,0
6.53,0
6.54,0
6.55,0
6.56,0
6.57,0
6.58,0
6.59,0
6.6,0
6.61,0
6.62,0
6.63,0
6.64,0
6.65,0
6.66,0
6.67,0
6.68,0
6.69,0
6.7,0
6.71,0
6.72,0
6.73,0
6.74,0
6.75,0
6.76,0
6.77,0
6.78,0
6.79,0
6.8,0
6.81,0
6.82,0
6.83,0
6.84,0
6.85,0
6.86,0
6.87,0
6.88,0
6.89,0
6.9,0
6.91,0
6.92,0
6.93,0
6.94,0
6.95,0
6.96,0
6.97,0
6.98,0
6.99,0
7,0
7.01,0
7.02,0
7.03,0
7.04,0
7.05,0
7.06,0
7.07,0
7.08,0
7.09,0
7.1,0
7.11,0
7.12,0
7.13,0
7.14,0
7.15,0
7.16,0
7.17,0
7.18,0
7.19,0
7.2,0
7.21,0
7.22,0
7.23,0
7.24,0
7.25,0
7.26,0
7.27,0
7.28,0
7.29,-4500
7.3,-4500
7.31,-4500
7.32,-4500
7.33,-4500
7.34,-4500
7.35,-4500
7.36,-4500
7.37,-4500
7.38,-4500
7.39,-4500
7.4,-4500
7.41,-4500
7.42,-4500
7.43,-4500
7.44,-4500
7.45,-4500
7.46,-4500
7.47,-4500
7.48,-4500
7.49,-4500
7.5,-4500
7.51,-4500
7.52,-4500
7.53,-4500
7.54,-4500
7.55,-4500
7.56,-4500
7.57,-4500
7.58,-4500
7.59,-4500
7.6,-4500
7.61,-4500
7.62,-4500
7.63,-4500
7.64,-4500
7.65,-4500
7.66,-4500
7.67,-4500
7.68,-4500
7.69,-4500
7.7,-4500
7.71,-4500
7.72,-4500
7.73,-4500
7.74,-4500
7.75,-4500
7.76,-4500
7.77,-4500
7.78,-4500
7.79,-4500
7.8,-4500
7.81,-4500
7.82,-4500
7.83,-4500
7.84,-4500
7.85,-4500
7.86,-4500
7.87,-4500
7.88,-4500
7.89,-4500
7.9,-4500
7.91,-4500
7.92,-4500
7.93,-4500
7.94,-4500
7.95,-4500
7.96,-4500
7.97,-4500
7.98,-4500
7.99,-4500
8,-4500
8.01,-4500
8.02,-4500
8.03,-4500
8.04,-4500
8.05,-4500
8.06,-4500
8.07,-4500
8.08,-4500
8.09,-4500
8.1,-4500
8.11,-4500
8.12,-4500
8.13,-4500
8.14,-4500
8.15,-4500
8.16,-4500
8.17,-4500
8.18,-4500
8.19,-4500
8.2,-4500
8.21,-4500
8.22,-4500
8.23,-4500
8.24,-4500
8.25,-4500
8.26,-4500
8.27,-4500
8.28,-4500
8.29,-4500
8.3,-4500
8.31,-4500
8.32,-4500
8.33,-4500
8.34,-4500
8.35,-4500
8.36,-4500
8.37,-4500
8.38,-4500
8.39,-4500
8.4,-4500
8.41,-4500
8.42,-4500
8.43,-4500
8.44,-4500
8.45,-4500
8.46,-4500
8.47,-4500
8.48,-4500
8.49,-4500
8.5,-4500
8.51,-4500
8.52,-4500
8.53,-4500
8.54,-4500
8.55,-4500
8.56,-4500
8.57,-4500
8.58,-4500
8.59,-4500
8.6,-4500
8.61,-4500
8.62,-4500
8.63,-4500
8.64,-4500
8.65,-4500
8.66,-4500
8.67,-4500
8.68,-4500
8.69,-4500
8.7,-4500
8.71,-4500
8.72,-4500
8.73,-4500
8.74,-4500
8.75,-4500
8.76,-4500
8.77,-4500
8.78,-4500
8.79,-4500
8.8,-4500
8.81,-4500
8.82,-4500
8.83,-4500
8.84,-4500
8.85,-4500
8.86,-4500
8.87,-4500
8.88,-4500
8.89,-4500
8.9,-4500
8.91,-4500
8.92,-4500
8.93,-4500
8.94,-4500
8.95,-4500
8.96,-4500
8.97,-4500
8.98,-4500
8.99,-4500
9,-4500
9.01,-4500
9.02,-4500
9.03,-4500
9.04,-4500
9.05,-4500
9.06,-4500
9.07,-4500
9.08,-4500
9.09,-4500
9.1,-4500
9.11,-4500
9.12,-4500
9.13,-4500
9.14,-4500
9.15,-4500
9.16,-4500
9.17,-4500
9.18,-4500
9.19,-4500
9.2,-4500
9.21,-4500
9.22,-4500
9.23,-4500
9.24,-4500
9.25,-4500
9.26,-4500
9.27,-4500
9.28,-4500
9.29,-4500
9.3,-4500
9.31,-4500
9.32,-4500
9.33,-4500
9.34,-4500
9.35,-4500
9.36,-4500
9.37,-4500
9.38,-4500
9.39,-4500
9.4,-4500
9.41,-4500
9.42,-4500
9.43,-4500
9.44,-4500
9.45,-4500
9.46,-4500
9.47,-4500
9.48,-4500
9.49,-4500
9.5,-4500
9.51,-4500
9.52,-4500
9.53,-4500
9.54,-4500
9.55,-4500
9.56,-4500
9.57,-4500
9.58,-4500
9.59,-4500
9.6,-4500
9.61,-4500
9.62,-4500
9.63,-4500
9.64,-4500
9.65,-4500
9.66,-4500
9.67,-4500
9.68,-4500
9.69,-4500
9.7,-4500
9.71,-4500
9.72,-4500
9.73,-4500
9.74,-4500
9.75,-4500
9.76,-4500
9.77,-4500
9.78,-4500
9.79,-4500
9.8,-4500
9.81,-4500
9.82,-4500
9.83,-4500
9.84,-4500
9.85,-4500
9.86,-4500
9.87,-4500
9.88,-4500
9.89,-4500
9.9,-4500
9.91,-4500
9.92,-4500
9.93,-4500
9.94,-4500
9.95,-4500
9.96,-4500
9.97,-4500
9.98,-4500
9.99,-4500
10,-4500
10.01,-4500
10.02,-4500
10.03,-4500
10.04,-4500
10.05,-4500
10.06,-4500
10.07,-4500
10.08,-4500
10.09,-4500
10.1,-4500
10.11,-4500
10.12,-4500
10.13,-4500
10.14,-4500
10.15,-4500
10.16,-4500
10.17,-4500
10.18,-4500
10.19,-4500
10.2,-4500
10.21,-4500
10.22,0
10.23,0
10.24,0
10.25,0
10.26,0
10.27,0
10.28,0
10.29,0
10.3,0
10.31,0
10.32,0
10.33,0
10.34,0
10.35,0
10.36,0
10.37,0
10.38,0
10.39,0
10.4,0
10.41,0
10.42,0
10.43,0
10.44,0
10.45,0
10.46,0
10.47,0
10.48,0
10.49,0
10.5,0
10.51,0
10.52,0
10.53,0
10.54,0
10.55,0
10.56,0
10.57,0
10.58,0
10.59,0
10.6,0
10.61,0
10.62,0
10.63,0
10.64,0
10.65,0
10.66,0
10.67,0
10.68,0
10.69,0
10.7,0
10.71,0
10.72,0
10.73,0
10.74,0
10.75,0
10.76,0
10.77,0
10.78,0
10.79,0
10.8,0
10.81,0
10.82,0
10.83,0
10.84,0
10.85,0
10.86,0
10.87,0
10.88,0
10.89,0
10.9,0
10.91,0
10.92,0
10.93,0
10.94,0
10.95,0
10.96,0
10.97,0
10.98,0
10.99,0
11,0
11.01,0
11.02,0
11.03,0
11.04,0
11.05,0
11.06,0
11.07,0
11.08,0
11.09,0
11.1,0
11.11,0
11.12,0
11.13,0
11.14,0
11.15,0
11.16,0
11.17,0
11.18,0
11.19,0
11.2,0
11.21,0
11.22,0
11.23,0
11.24,0
11.25,0
11.26,0
11.27,0
11.28,0
11.29,0
11.3,0
11.31,0
11.32,0
11.33,0
11.34,0
11.35,0
11.36,0
11.37,0
11.38,0
11.39,0
11.4,0
11.41,0
11.42,0
11.43,0
11.44,0
11.45,0
11.46,0
11.47,0
11.48,0
11.49,0
11.5,0
11.51,0
11.52,0
11.53,0
11.54,0
11.55,0
11.56,0
11.57,0
11.58,0
11.59,0
11.6,0
11.61,0
11.62,0
11.63,0
11.64,0
11.65,0
11.66,0
11.67,0
11.68,0
11.69,0
11.7,0
11.71,0
11.72,0
11.73,0
11.74,0
11.75,0
11.76,0
11.77,0
11.78,0
11.79,0
11.8,0
11.81,0
11.82,0
11.83,0
11.84,0
11.85,0
11.86,0
11.87,0
11.88,0
11.89,0
11.9,0
11.91,0
11.92,0
11.93,0
11.94,0
11.95,0
11.96,0
11.97,0
11.98,0
11.99,0
12,0
12.01,0
12.02,0
12.03,0
12.04,0
12.05,0
12.06,0
12.07,0
12.08,0
12.09,0
12.1,0
12.11,0
12.12,0
12.13,0
12.14,0
12.15,0
12.16,0
12.17,0
12.18,0
12.19,0
12.2,0
12.21,0
12.22,0
12.23,0
12.24,0
12.25,0
12.26,0
12.27,0
12.28,0
12.29,-4500
12.3,-4500
12.31,-4500
12.32,-4500
12.33,-4500
12.34,-4500
12.35,-4500
12.36,-4500
12.37,-4500
12.38,-4500
12.39,-4500
12.4,-4500
12.41,-4500
12.42,-4500
12.43,-4500
12.44,-4500
12.45,-4500
12.46,-4500
12.47,-4500
12.48,-4500
12.49,-4500
12.5,-4500
12.51,-4500
12.52,-4500
12.53,-4500
12.54,-4500
12.55,-4500
12.56,-4500
12.57,-4500
12.58,-4500
12.59,-4500
12.6,-4500
12.61,-4500
12.62,-4500
12.63,-4500
12.64,-4500
12.65,-4500
12.66,-4500
12.67,-4500
12.68,-4500
12.69,-4500
12.7,-4500
12.71,-4500
12.72,-4500
12.73,-4500
12.74,-4500
12.75,-4500
12.76,-4500
12.77,-4500
12.78,-4500
12.79,-4500
12.8,-4500
12.81,-4500
12.82,-4500
12.83,-4500
12.84,-4500
12.85,-4500
12.86,-4500
12.87,-4500
12.88,-4500
12.89,-4500
12.9,-4500
12.91,-4500
12.92,-4500
12.93,-4500
12.94,-4500
12.95,-4500
12.96,-4500
12.97,-4500
12.98,-4500
12.99,-4500
13,-4500
13.01,-4500
13.02,-4500
13.03,-4500
13.04,-4500
13.05,-4500
13.06,-4500
13.07,-4500
13.08,-4500
13.09,-4500
13.1,-4500
13.11,-4500
13.12,-4500
13.13,-4500
13.14,-4500
13.15,-4500
13.16,-4500
13.17,-4500
13.18,-4500
13.19,-4500
13.2,-4500
13.21,-4500
13.22,-4500
13.23,-4500
13.24,-4500
13.25,-4500
13.26,-4500
13.27,-4500
13.28,-4500
13.29,-4500
13.3,-4500
13.31,-4500
13.32,-4500
13.33,-4500
13.34,-4500
13.35,-4500
13.36,-4500
13.37,-4500
13.38,-4500
13.39,-4500
13.4,-4500
13.41,-4500
13.42,-4500
13.43,-4500
13.44,-4500
13.45,-4500
13.46,-4500
13.47,-4500
13.48,-4500
13.49,-4500
13.5,-4500
13.51,-4500
13.52,-4500
13.53,-4500
13.54,-4500
13.55,-4500
13.56,-4500
13.57,-4500
13.58,-4500
13.59,-4500
13.6,-4500
13.61,-4500
13.62,-4500
13.63,-4500
13.64,-4500
13.65,-4500
13.66,-4500
13.67,-4500
13.68,-4500
13.69,-4500
13.7,-4500
13.71,-4500
13.72,-4500
13.73,-4500
13.74,-4500
13.75,-4500
13.76,-4500
13.77,-4500
13.78,-4500
13.79,-4500
13.8,-4500
13.81,-4500
13.82,-4500
13.83,-4500
13.84,-4500
13.85,-4500
13.86,-4500
13.87,-4500
13.88,-4500
13.89,-4500
13.9,-4500
13.91,-4500
13.92,-4500
13.93,-4500
13.94,-4500
13.95,-4500
13.96,-4500
13.97,-4500
13.98,-4500
13.99,-4500
14,-4500
14.01,-4500
14.02,-4500
14.03,-4500
14.04,-4500
14.05,-4500
14.06,-4500
14.07,-4500
14.08,-4500
14.09,-4500
14.1,-4500
14.11,-4500
14.12,-4500
14.13,-4500
14.14,-4500
14.15,-4500
14.16,-4500
14.17,-4500
14.18,-4500
14.19,-4500
14.2,-4500
14.21,-4500
14.22,-4500
14.23,-4500
14.24,-4500
14.25,-4500
14.26,-4500
14.27,-4500
14.28,-4500
14.29,-4500
14.3,-4500
14.31,-4500
14.32,-4500
14.33,-4500
14.34,-4500
14.35,-4500
14.36,-4500
14.37,-4500
14.38,-4500
14.39,-4500
14.4,-4500
14.41,-4500
14.42,-4500
14.43,-4500
14.44,-4500
14.45,-4500
14.46,-4500
14.47,-4500
14.48,-4500
14.49,-4500
14.5,-4500
14.51,-4500
14.52,-4500
14.53,-4500
14.54,-4500
14.55,-4500
14.56,-4500
14.57,-4500
14.58,-4500
14.59,-4500
14.6,-4500
14.61,-4500
14.62,-4500
14.63,-4500
14.64,-4500
14.65,-4500
14.66,-4500
14.67,-4500
14.68,-4500
14.69,-4500
14.7,-4500
14.71,-4500
14.72,-4500
14.73,-4500
14.74,-4500
14.75,-4500
14.76,-4500
14.77,-4500
14.78,-4500
14.79,-4500
14.8,-4500
14.81,-4500
14.82,-4500
14.83,-4500
14.84,-4500
14.85,-4500
14.86,-4500
14.87,-4500
14.88,-4500
14.89,-4500
14.9,-4500
14.91,-4500
14.92,-4500
14.93,-4500
14.94,-4500
14.95,-4500
14.96,-4500
14.97,-4500
14.98,-4500
14.99,-4500
15,-4500
15.01,-4500
15.02,-4500
15.03,-4500
15.04,-4500
15.05,-4500
15.06,-4500
15.07,-4500
15.08,-4500
15.09,-4500
15.1,-4500
15.11,-4500
15.12,-4500
15.13,-4500
15.14,-4500
15.15,-4500
15.16,-4500
15.17,-4500
15.18,-4500
15.19,-4500
15.2,-4500
15.21,-4500
15.22,0
15.23,0
15.24,0
15.25,0
15.26,0
15.27,0
15.28,0
15.29,0
15.3,0
15.31,0
15.32,0
15.33,0
15.34,0
15.35,0
15.36,0
15.37,0
15.38,0
15.39,0
15.4,0
15.41,0
15.42,0
15.43,0
15.44,0
15.45,0
15.46,0
15.47,0
15.48,0
15.49,0
15.5,0
15.51,0
15.52,0
15.53,0
15.54,0
15.55,0
15.56,0
15.57,0
15.58,0
15.59,0
15.6,0
15.61,0
15.62,0
15.63,0
15.64,0
15.65,0
15.66,0
15.67,0
15.68,0
15.69,0
15.7,0
15.71,0
15.72,0
15.73,0
15.74,0
15.75,0
15.76,0
15.77,0
15.78,0
15.79,0
15.8,0
15.81,0
15.82,0
15.83,0
15.84,0
15.85,0
15.86,0
15.87,0
15.88,0
15.89,0
15.9,0
15.91,0
15.92,0
15.93,0
15.94,0
15.95,0
15.96,0
15.97,0
15.98,0
15.99,0
16,0
16.01,0
16.02,0
16.03,0
16.04,0
16.05,0
16.06,0
16.07,0
16.08,0
16.09,0
16.1,0
16.11,0
16.12,0
16.13,0
16.14,0
16.15,0
16.16,0
16.17,0
16.18,0
16.19,0
16.2,0
16.21,0
16.22,0
16.23,0
16.24,0
16.25,0
16.26,0
16.27,0
16.28,0
16.29,0
16.3,0
16.31,0
16.32,0
16.33,0
16.34,0
16.35,0
16.36,0
16.37,0
16.38,0
16.39,0
16.4,0
16.41,0
16.42,0
16.43,0
16.44,0
16.45,0
16.46,0
16.47,0
16.48,0
16.49,0
16.5,0
16.51,0
16.52,0
16.53,0
16.54,0
16.55,0
16.56,0
16.57,0
16.58,0
16.59,0
16.6,0
16.61,0
16.62,0
16.63,0
16.64,0
16.65,0
16.66,0
16.67,0
16.68,0
16.69,0
16.7,0
16.71,0
16.72,0
16.73,0
16.74,0
16.75,0
16.76,0
16.77,0
16.78,0
16.79,0
16.8,0
16.81,0
16.82,0
16.83,0
16.84,0
16.85,0
16.86,0
16.87,0
16.88,0
16.89,0
16.9,0
16.91,0
16.92,0
16.93,0
16.94,0
16.95,0
16.96,0
16.97,0
16.98,0
16.99,0
17,0
17.01,0
17.02,0
17.03,0
17.04,0
17.05,0
17.06,0
17.07,0
17.08,0
17.09,0
17.1,0
17.11,0
17.12,0
17.13,0
17.14,0
17.15,0
17.16,0
17.17,0
17.18,0
17.19,0
17.2,0
17.21,0
17.22,0
17.23,0
17.24,0
17.25,0
17.26,0
17.27,0
17.28,0
17.29,-4500
17.3,-4500
17.31,-4500
17.32,-4500
17.33,-4500
17.34,-4500
17.35,-4500
17.36,-4500
17.37,-4500
17.38,-4500
17.39,-4500
17.4,-4500
17.41,-4500
17.42,-4500
17.43,-4500
17.44,-4500
17.45,-4500
17.46,-4500
17.47,-4500
17.48,-4500
17.49,-4500
17.5,-4500
17.51,-4500
17.52,-4500
17.53,-4500
17.54,-4500
17.55,-4500
17.56,-4500
17.57,-4500
17.58,-4500
17.59,-4500
17.6,-4500
17.61,-4500
17.62,-4500
17.63,-4500
17.64,-4500
17.65,-4500
17.66,-4500
17.67,-4500
17.68,-4500
17.69,-4500
17.7,-4500
17.71,-4500
17.72,-4500
17.73,-4500
17.74,-4500
17.75,-4500
17.76,-4500
17.77,-4500
17.78,-4500
17.79,-4500
17.8,-4500
17.81,-4500
17.82,-4500
17.83,-4500
17.84,-4500
17.85,-4500
17.86,-4500
17.87,-4500
17.88,-4500
17.89,-4500
17.9,-4500
17.91,-4500
17.92,-4500
17.93,-4500
17.94,-4500
17.95,-4500
17.96,-4500
17.97,-4500
17.98,-4500
17.99,-4500
18,-4500
18.01,-4500
18.02,-4500
18.03,-4500
18.04,-4500
18.05,-4500
18.06,-4500
18.07,-4500
18.08,-4500
18.09,-4500
18.1,-4500
18.11,-4500
18.12,-4500
18.13,-4500
18.14,-4500
18.15,-4500
18.16,-4500
18.17,-4500
18.18,-4500
18.19,-4500
18.2,-4500
18.21,-4500
18.22,-4500
18.23,-4500
18.24,-4500
18.25,-4500
18.26,-4500
18.27,-4500
18.28,-4500
18.29,-4500
18.3,-4500
18.31,-4500
18.32,-4500
18.33,-4500
18.34,-4500
18.35,-4500
18.36,-4500
18.37,-4500
18.38,-4500
18.39,-4500
18.4,-4500
18.41,-4500
18.42,-4500
18.43,-4500
18.44,-4500
18.45,-4500
18.46,-4500
18.47,-4500
18.48,-4500
18.49,-4500
18.5,-4500
18.51,-4500
18.52,-4500
18.53,-4500
18.54,-4500
18.55,-4500
18.56,-4500
18.57,-4500
18.58,-4500
18.59,-4500
18.6,-4500
18.61,-4500
18.62,-4500
18.63,-4500
18.64,-4500
18.65,-4500
18.66,-4500
18.67,-4500
18.68,-4500
18.69,-4500
18.7,-4500
18.71,-4500
18.72,-4500
18.73,-4500
18.74,-4500
18.75,-4500
18.76,-4500
18.77,-4500
18.78,-4500
18.79,-4500
18.8,-4500
18.81,-4500
18.82,-4500
18.83,-4500
18.84,-4500
18.85,-4500
18.86,-4500
18.87,-4500
18.88,-4500
18.89,-4500
18.9,-4500
18.91,-4500
18.92,-4500
18.93,-4500
18.94,-4500
18.95,-4500
18.96,-4500
18.97,-4500
18.98,-4500
18.99,-4500
19,-4500
19.01,-4500
19.02,-4500
19.03,-4500
19.04,-4500
19.05,-4500
19.06,-4500
19.07,-4500
19.08,-4500
19.09,-4500
19.1,-4500
19.11,-4500
19.12,-4500
19.13,-4500
19.14,-4500
19.15,-4500
19.16,-4500
19.17,-4500
19.18,-4500
19.19,-4500
19.2,-4500
19.21,-4500
19.22,-4500
19.23,-4500
19.24,-4500
19.25,-4500
19.26,-4500
19.27,-4500
19.28,-4500
19.29,-4500
19.3,-4500
19.31,-4500
19.32,-4500
19.33,-4500
19.34,-4500
19.35,-4500
19.36,-4500
19.37,-4500
19.38,-4500
19.39,-4500
19.4,-4500
19.41,-4500
19.42,-4500
19.43,-4500
19.44,-4500
19.45,-4500
19.46,-4500
19.47,-4500
19.48,-4500
19.49,-4500
19.5,-4500
19.51,-4500
19.52,-4500
19.53,-4500
19.54,-4500
19.55,-4500
19.56,-4500
19.57,-4500
19.58,-4500
19.59,-4500
19.6,-4500
19.61,-4500
19.62,-4500
19.63,-4500
19.64,-4500
19.65,-4500
19.66,-4500
19.67,-4500
19.68,-4500
19.69,-4500
19.7,-4500
19.71,-4500
19.72,-4500
19.73,-4500
19.74,-4500
19.75,-4500
19.76,-4500
19.77,-4500
19.78,-4500
19.79,-4500
19.8,-4500
19.81,-4500
19.82,-4500
19.83,-4500
19.84,-4500
19.85,-4500
19.86,-4500
19.87,-4500
19.88,-4500
19.89,-4500
19.9,-4500
19.91,-4500
19.92,-4500
19.93,-4500
19.94,-4500
19.95,-4500
19.96,-4500
19.97,-4500
19.98,-4500
19.99,-4500
20,-4500
20.01,-4500
20.02,-4500
20.03,-4500
20.04,-4500
20.05,-4500
20.06,-4500
20.07,-4500
20.08,-4500
20.09,-4500
20.1,-4500
20.11,-4500
20.12,-4500
20.13,-4500
20.14,-4500
20.15,-4500
20.16,-4500
20.17,-4500
20.18,-4500
20.19,-4500
20.2,-4500
20.21,-4500
20.22,0
20.23,0
20.24,0
20.25,0
20.26,0
20.27,0
20.28,0
20.29,0
20.3,0
20.31,0
20.32,0
20.33,0
20.34,0
20.35,0
20.36,0
20.37,0
20.38,0
20.39,0
20.4,0
20.41,0
20.42,0
20.43,0
20.44,0
20.45,0
20.46,0
20.47,0
20.48,0
20.49,0
20.5,0
20.51,0
20.52,0
20.53,0
20.54,0
20.55,0
20.56,0
20.57,0
20.58,0
20.59,0
20.6,0
20.61,0
20.62,0
20.63,0
20.64,0
20.65,0
20.66,0
20.67,0
20.68,0
20.69,0
20.7,0
20.71,0
20.72,0
20.73,0
20.74,0
20.75,0
20.76,0
20.77,0
20.78,0
20.79,0
20.8,0
20.81,0
20.82,0
20.83,0
20.84,0
20.85,0
20.86,0
20.87,0
20.88,0
20.89,0
20.9,0
20.91,0
20.92,0
20.93,0
20.94,0
20.95,0
20.96,0
20.97,0
20.98,0
20.99,0
21,0
21.01,0
21.02,0
21.03,0
21.04,0
21.05,0
21.06,0
21.07,0
21.08,0
21.09,0
21.1,0
21.11,0
21.12,0
21.13,0
21.14,0
21.15,0
21.16,0
21.17,0
21.18,0
21.19,0
21.2,0
21.21,0
21.22,0
21.23,0
21.24,0
21.25,0
21.26,0
21.27,0
21.28,0
21.29,0
21.3,0
21.31,0
21.32,0
21.33,0
21.34,0
21.35,0
21.36,0
21.37,0
21.38,0
21.39,0
21.4,0
21.41,0
21.42,0
21.43,0
21.44,0
21.45,0
21.46,0
21.47,0
21.48,0
21.49,0
21.5,0
21.51,0
21.52,0
21.53,0
21.54,0
21.55,0
21.56,0
21.57,0
21.58,0
21.59,0
21.6,0
21.61,0
21.62,0
21.63,0
21.64,0
21.65,0
21.66,0
21.67,0
21.68,0
21.69,0
21.7,0
21.71,0
21.72,0
21.73,0
21.74,0
21.75,0
21.76,0
21.77,0
21.78,0
21.79,0
21.8,0
21.81,0
21.82,0
21.83,0
21.84,0
21.85,0
21.86,0
21.87,0
21.88,0
21.89,0
21.9,0
21.91,0
21.92,0
21.93,0
21.94,0
21.95,0
21.96,0
21.97,0
21.98,0
21.99,0
22,0
22.01,0
22.02,0
22.03,0
22.04,0
22.05,0
22.06,0
22.07,0
22.08,0
22.09,0
22.1,0
22.11,0
22.12,0
22.13,0
22.14,0
22.15,0
22.16,0
22.17,0
22.18,0
22.19,0
22.2,0
22.21,0
22.22,0
22.23,0
22.24,0
22.25,0
22.26,0
22.27,0
22.28,0
22.29,-4500
22.3,-4500
22.31,-4500
22.32,-4500
22.33,-4500
22.34,-4500
22.35,-4500
22.36,-4500
22.37,-4500
22.38,-4500
22.39,-4500
22.4,-4500
22.41,-4500
22.42,-4500
22.43,-4500
22.44,-4500
22.45,-4500
22.46,-4500
22.47,-4500
22.48,-4500
22.49,-4500
22.5,-4500
22.51,-4500
22.52,-4500
22.53,-4500
22.54,-4500
22.55,-4500
22.56,-4500
22.57,-4500
22.58,-4500
22.59,-4500
22.6,-4500
22.61,-4500
22.62,-4500
22.63,-4500
22.64,-4500
22.65,-4500
22.66,-4500
22.67,-4500
22.68,-4500
22.69,-4500
22.7,-4500
22.71,-4500
22.72,-4500
22.73,-4500
22.74,-4500
22.75,-4500
22.76,-4500
22.77,-4500
22.78,-4500
22.79,-4500
22.8,-4500
22.81,-4500
22.82,-4500
22.83,-4500
22.84,-4500
22.85,-4500
22.86,-4500
22.87,-4500
22.88,-4500
22.89,-4500
22.9,-4500
22.91,-4500
22.92,-4500
22.93,-4500
22.94,-4500
22.95,-4500
22.96,-4500
22.97,-4500
22.98,-4500
22.99,-4500
23,-4500
23.01,-4500
23.02,-4500
23.03,-4500
23.04,-4500
23.05,-4500
23.06,-4500
23.07,-4500
23.08,-4500
23.09,-4500
23.1,-4500
23.11,-4500
23.12,-4500
23.13,-4500
23.14,-4500
23.15,-4500
23.16,-4500
23.17,-4500
23.18,-4500
23.19,-4500
23.2,-4500
23.21,-4500
23.22,-4500
23.23,-4500
23.24,-4500
23.25,-4500
23.26,-4500
23.27,-4500
23.28,-4500
23.29,-4500
23.3,-4500
23.31,-4500
23.32,-4500
23.33,-4500
23.34,-4500
23.35,-4500
23.36,-4500
23.37,-4500
23.38,-4500
23.39,-4500
23.4,-4500
23.41,-4500
23.42,-4500
23.43,-4500
23.44,-4500
23.45,-4500
23.46,-4500
23.47,-4500
23.48,-4500
23.49,-4500
23.5,-4500
23.51,-4500
23.52,-4500
23.53,-4500
23.54,-4500
23.55,-4500
23.56,-4500
23.57,-4500
23.58,-4500
23.59,-4500
23.6,-4500
23.61,-4500
23.62,-4500
23.63,-4500
23.64,-4500
23.65,-4500
23.66,-4500
23.67,-4500
23.68,-4500
23.69,-4500
23.7,-4500
23.71,-4500
23.72,-4500
23.73,-4500
23.74,-4500
23.75,-4500
23.76,-4500
23.77,-4500
23.78,-4500
23.79,-4500
23.8,-4500
23.81,-4500
23.82,-4500
23.83,-4500
23.84,-4500
23.85,-4500
23.86,-4500
23.87,-4500
23.88,-4500
23.89,-4500
23.9,-4500
23.91,-4500
23.92,-4500
23.93,-4500
23.94,-4500
23.95,-4500
23.96,-4500
23.97,-4500
23.98,-4500
23.99,-4500
24,-4500
24.01,-4500
24.02,-4500
24.03,-4500
24.04,-4500
24.05,-4500
24.06,-4500
24.07,-4500
24.08,-4500
24.09,-4500
24.1,-4500
24.11,-4500
24.12,-4500
24.13,-4500
24.14,-4500
24.15,-4500
24.16,-4500
24.17,-4500
24.18,-4500
24.19,-4500
24.2,-4500
24.21,-4500
24.22,-4500
24.23,-4500
24.24,-4500
24.25,-4500
24.26,-4500
24.27,-4500
24.28,-4500
24.29,-4500
24.3,-4500
24.31,-4500
24.32,-4500
24.33,-4500
24.34,-4500
24.35,-4500
24.36,-4500
24.37,-4500
24.38,-4500
24.39,-4500
24.4,-4500
24.41,-4500
24.42,-4500
24.43,-4500
24.44,-4500
24.45,-4500
24.46,-4500
24.47,-4500
24.48,-4500
24.49,-4500
24.5,-4500
24.51,-4500
24.52,-4500
24.53,-4500
24.54,-4500
24.55,-4500
24.56,-4500
24.57,-4500
24.58,-4500
24.59,-4500
24.6,-4500
24.61,-4500
24.62,-4500
24.63,-4500
24.64,-4500
24.65,-4500
24.66,-4500
24.67,-4500
24.68,-4500
24.69,-4500
24.7,-4500
24.71,-4500
24.72,-4500
24.73,-4500
24.74,-4500
24.75,-4500
24.76,-4500
24.77,-4500
24.78,-4500
24.79,-4500
24.8,-4500
24.81,-4500
24.82,-4500
24.83,-4500
24.84,-4500
24.85,-4500
24.86,-4500
24.87,-4500
24.88,-4500
24.89,-4500
24.9,-4500
24.91,-4500
24.92,-4500
24.93,-4500
24.94,-4500
24.95,-4500
24.96,-4500
24.97,-4500
24.98,-4500
24.99,-4500
25,-4500
25.01,-4500
25.02,-4500
25.03,-4500
25.04,-4500
25.05,-4500
25.06,-4500
25.07,-4500
25.08,-4500
25.09,-4500
25.1,-4500
25.11,-4500
25.12,-4500
25.13,-4500
25.14,-4500
25.15,-4500
25.16,-4500
25.17,-4500
25.18,-4500
25.19,-4500
25.2,-4500
25.21,-4500
25.22,0
25.23,0
25.24,0
25.25,0
25.26,0
25.27,0
25.28,0
25.29,0
25.3,0
25.31,0
25.32,0
25.33,0
25.34,0
25.35,0
25.36,0
25.37,0
25.38,0
25.39,0
25.4,0
25.41,0
25.42,0
25.43,0
25.44,0
25.45,0
25.46,0
25.47,0
25.48,0
25.49,0
25.5,0
25.51,0
25.52,0
25.53,0
25.54,0
25.55,0
25.56,0
25.57,0
25.58,0
25.59,0
25.6,0
25.61,0
25.62,0
25.63,0
25.64,0
25.65,0
25.66,0
25.67,0
25.68,0
25.69,0
25.7,0
25.71,0
25.72,0
25.73,0
25.74,0
25.75,0
25.76,0
25.77,0
25.78,0
25.79,0
25.8,0
25.81,0
25.82,0
25.83,0
25.84,0
25.85,0
25.86,0
25.87,0
25.88,0
25.89,0
25.9,0
25.91,0
25.92,0
25.93,0
25.94,0
25.95,0
25.96,0
25.97,0
25.98,0
25.99,0
26,0
26.01,0
26.02,0
26.03,0
26.04,0
26.05,0
26.06,0
26.07,0
26.08,0
26.09,0
26.1,0
26.11,0
26.12,0
26.13,0
26.14,0
26.15,0
26.16,0
26.17,0
26.18,0
26.19,0
26.2,0
26.21,0
26.22,0
26.23,0
26.24,0
26.25,0
26.26,0
26.27,0
26.28,0
26.29,0
26.3,0
26.31,0
26.32,0
26.33,0
26.34,0
26.35,0
26.36,0
26.37,0
26.38,0
26.39,0
26.4,0
26.41,0
26.42,0
26.43,0
26.44,0
26.45,0
26.46,0
26.47,0
26.48,0
26.49,0
26.5,0
26.51,0
26.52,0
26.53,0
26.54,0
26.55,0
26.56,0
26.57,0
26.58,0
26.59,0
26.6,0
26.61,0
26.62,0
26.63,0
26.64,0
26.65,0
26.66,0
26.67,0
26.68,0
26.69,0
26.7,0
26.71,0
26.72,0
26.73,0
26.74,0
26.75,0
26.76,0
26.77,0
26.78,0
26.79,0
26.8,0
26.81,0
26.82,0
26.83,0
26.84,0
26.85,0
26.86,0
26.87,0
26.88,0
26.89,0
26.9,0
26.91,0
26.92,0
26.93,0
26.94,0
26.95,0
26.96,0
26.97,0
26.98,0
26.99,0
27,0
27.01,0
27.02,0
27.03,0
27.04,0
27.05,0
27.06,0
27.07,0
27.08,0
27.09,0
27.1,0
27.11,0
27.12,0
27.13,0
27.14,0
27.15,0
27.16,0
27.17,0
27.18,0
27.19,0
27.2,0
27.21,0
27.22,0
27.23,0
27.24,0
27.25,0
27.26,0
27.27,0
27.28,0
27.29,-4500
27.3,-4500
27.31,-4500
27.32,-4500
27.33,-4500
27.34,-4500
27.35,-4500
27.36,-4500
27.37,-4500
27.38,-4500
27.39,-4500
27.4,-4500
27.41,-4500
27.42,-4500
27.43,-4500
27.44,-4500
27.45,-4500
27.46,-4500
27.47,-4500
27.48,-4500
27.49,-4500
27.5,-4500
27.51,-4500
27.52,-4500
27.53,-4500
27.54,-4500
27.55,-4500
27.56,-4500
27.57,-4500
27.58,-4500
27.59,-4500
27.6,-4500
27.61,-4500
27.62,-4500
27.63,-4500
27.64,-4500
27.65,-4500
27.66,-4500
27.67,-4500
27.68,-4500
27.69,-4500
27.7,-4500
27.71,-4500
27.72,-4500
27.73,-4500
27.74,-4500
27.75,-4500
27.76,-4500
27.77,-4500
27.78,-4500
27.79,-4500
27.8,-4500
27.81,-4500
27.82,-4500
27.83,-4500
27.84,-4500
27.85,-4500
27.86,-4500
27.87,-4500
27.88,-4500
27.89,-4500
27.9,-4500
27.91,-4500
27.92,-4500
27.93,-4500
27.94,-4500
27.95,-4500
27.96,-4500
27.97,-4500
27.98,-4500
27.99,-4500
28,-4500
28.01,-4500
28.02,-4500
28.03,-4500
28.04,-4500
28.05,-4500
28.06,-4500
28.07,-4500
28.08,-4500
28.09,-4500
28.1,-4500
28.11,-4500
28.12,-4500
28.13,-4500
28.14,-4500
28.15,-4500
28.16,-4500
28.17,-4500
28.18,-4500
28.19,-4500
28.2,-4500
28.21,-4500
28.22,-4500
28.23,-4500
28.24,-4500
28.25,-4500
28.26,-4500
28.27,-4500
28.28,-4500
28.29,-4500
28.3,-4500
28.31,-4500
28.32,-4500
28.33,-4500
28.34,-4500
28.35,-4500
28.36,-4500
28.37,-4500
28.38,-4500
28.39,-4500
28.4,-4500
28.41,-4500
28.42,-4500
28.43,-4500
28.44,-4500
28.45,-4500
28.46,-4500
28.47,-4500
28.48,-4500
28.49,-4500
28.5,-4500
28.51,-4500
28.52,-4500
28.53,-4500
28.54,-4500
28.55,-4500
28.56,-4500
28.57,-4500
28.58,-4500
28.59,-4500
28.6,-4500
28.61,-4500
28.62,-4500
28.63,-4500
28.64,-4500
28.65,-4500
28.66,-4500
28.67,-4500
28.68,-4500
28.69,-4500
28.7,-4500
28.71,-4500
28.72,-4500
28.73,-4500
28.74,-4500
28.75,-4500
28.76,-4500
28.77,-4500
28.78,-4500
28.79,-4500
28.8,-4500
28.81,-4500
28.82,-4500
28.83,-4500
28.84,-4500
28.85,-4500
28.86,-4500
28.87,-4500
28.88,-4500
28.89,-4500
28.9,-4500
28.91,-4500
28.92,-4500
28.93,-4500
28.94,-4500
28.95,-4500
28.96,-4500
28.97,-4500
28.98,-4500
28.99,-4500
29,-4500
29.01,-4500
29.02,-4500
29.03,-4500
29.04,-4500
29.05,-4500
29.06,-4500
29.07,-4500
29.08,-4500
29.09,-4500
29.1,-4500
29.11,-4500
29.12,-4500
29.13,-4500
29.14,-4500
29.15,-4500
29.16,-4500
29.17,-4500
29.18,-4500
29.19,-4500
29.2,-4500
29.21,-4500
29.22,-4500
29.23,-4500
29.24,-4500
29.25,-4500
29.26,-4500
29.27,-4500
29.28,-4500
29.29,-4500
29.3,-4500
29.31,-4500
29.32,-4500
29.33,-4500
29.34,-4500
29.35,-4500
29.36,-4500
29.37,-4500
29.38,-4500
29.39,-4500
29.4,-4500
29.41,-4500
29.42,-4500
29.43,-4500
29.44,-4500
29.45,-4500
29.46,-4500
29.47,-4500
29.48,-4500
29.49,-4500
29.5,-4500
29.51,-4500
29.52,-4500
29.53,-4500
29.54,-4500
29.55,-4500
29.56,-4500
29.57,-4500
29.58,-4500
29.59,-4500
29.6,-4500
29.61,-4500
29.62,-4500
29.63,-4500
29.64,-4500
29.65,-4500
29.66,-4500
29.67,-4500
29.68,-4500
29.69,-4500
29.7,-4500
29.71,-4500
29.72,-4500
29.73,-4500
29.74,-4500
29.75,-4500
29.76,-4500
29.77,-4500
29.78,-4500
29.79,-4500
29.8,-4500
29.81,-4500
29.82,-4500
29.83,-4500
29.84,-4500
29.85,-4500
29.86,-4500
29.87,-4500
29.88,-4500
29.89,-4500
29.9,-4500
29.91,-4500
29.92,-4500
29.93,-4500
29.94,-4500
29.95,-4500
29.96,-4500
29.97,-4500
29.98,-4500
29.99,-4500
30,-4500
